code,system
J63X.00,readv2
Jyu7700,readv2
AyuB100,readv2
L176500,readv2
J615700,readv2
J615800,readv2
J615.11,readv2
J615D00,readv2
J615400,readv2
J615500,readv2
J615600,readv2
J615C00,readv2
A98yy13,readv2
A98yy11,readv2
J615z13,readv2
C310400,readv2
J615H00,readv2
J615z12,readv2
J615300,readv2
J612.12,readv2
J615z11,readv2
J615812,readv2
J612.11,readv2
C350012,readv2
J615711,readv2
J614z00,readv2
J61z.00,readv2
J61..00,readv2
J614200,readv2
J614.00,readv2
J614300,readv2
C376100,readv2
AD05.00,readv2
J616100,readv2
A916100,readv2
J614111,readv2
J63B.00,readv2
J635300,readv2
J614000,readv2
AyuB000,readv2
J611.00,readv2
AyuB200,readv2
Jyu7100,readv2
J615y00,readv2
J614y00,readv2
J616200,readv2
J616000,readv2
J616.00,readv2
J616z00,readv2
A785200,readv2
AyuB.00,readv2
J615z00,readv2
J612.00,readv2
J61y.00,readv2
J617000,readv2
J617.00,readv2
J61y800,readv2
J61yz00,readv2
J615.00,readv2
J614400,readv2
J615100,readv2
J635400,readv2
J63y100,readv2
J614100,readv2
J635500,readv2
J635600,readv2
C370800,readv2
J61y300,readv2
G852300,readv2
G852200,readv2
AyuJ900,readv2
AE23.00,readv2
J633000,readv2